from,title
"<A Href=""Https://Twitter.Com/Erikhorneok/Status/1095190742593662978"" Target=""_Blank"">Twitter</A>",",,乔治：这次我和威少角色互换了，他帮助我拿到了三双"
from,title
"<A Href=""Https://Twitter.Com/Erikhorneok/Status/1095190742593662978"" Target=""_Blank"">Twitter</A>",",,乔治：这次我和威少角色互换了，他帮助我拿到了三双"
from,title
"<a href=""https://twitter.com/ErikHorneOK/status/1095190742593662978"" target=""_blank"">Twitter</a>","
                                                                        , ,
                                                                                乔治：这次我和威少角色互换了，他帮助我拿到了三双                                                	"
from,title
Twitter,",,乔治：这次我和威少角色互换了，他帮助我拿到了三双"
